Game,Player,Condition_Ext,Probability,Destroy,NashEquilibrium,Consumption,Strategy,P_50,P_69,Age,Gender,NR,CFC,IMD,IMD_RANKED,Condition,Parent,Mean_cons,N_Cooperations,N_Defections,Post_1,Post_2
1,       1,0,70,0,1,20,1,1,1,26,1,3.52,4.41,19861,4,0,1,22.57,5,2,0,0
1,       1,0,59,0,0,25,1,1,0,20,0,2.95,3.91,22353,4,0,1,17.57,4,3,0,0
1,       1,0,65,0,0,25,1,1,0,21,1,2.71,3.83,15935,3,0,1,5.83,11,1,0,0
1,       1,0,96,0,1,25,1,1,1,20,1,3.19,3.83,1618,1,0,1,9.41,9,3,0,0
1,       1,0,18,0,0,55,0,0,0,20,1,3.32,3.58,4551,1,1,1,18.5,3,1,1,1
1,       1,0,99,0,0,4,1,1,1,21,1,3,4.41,16181,3,1,1,26.25,3,2,1,1
1,       1,0,4,1,1,4,0,0,0,18,0,4.47,2.66,15067,3,0,1,11,0,5,0,0
2,       2,0,95,0,1,3,1,1,1,18,0,3.8,3,13852,3,0,1,27.8,3,2,0,0
2,       2,0,36,0,0,2,1,0,0,18,0,2.9,3.41,5931,1,1,1,11.44,4,5,1,1
2,       2,0,65,0,0,10,1,1,0,20,1,4.52,3.5,9555,2,1,1,10,8,1,1,1
2,       2,0,37,0,0,7,1,0,0,18,1,3.47,3.58,12640,2,0,1,12.15,8,5,0,1
2,       2,0,17,0,0,2,1,0,0,42,1,4.04,3.5,25066,4,0,0,10.53,10,3,0,1
2,       2,0,93,0,0,29,0,1,1,19,1,2.95,3.91,4748,1,0,1,16.28,2,5,0,0
2,       2,0,93,0,0,1,1,1,1,19,1,2.95,3.58,26704,5,0,1,12.71,3,4,0,0
2,       2,0,65,0,0,1,1,1,0,32,1,3.57,3.83,8812,2,1,0,9.25,6,2,1,1
2,       2,0,4,0,0,1,1,0,0,27,0,3.61,4.08,23679,4,1,1,24,4,4,1,1
2,       2,0,72,0,1,0,1,1,1,19,1,3.52,3.66,23965,4,0,1,7,3,2,0,0
2,       2,0,63,0,0,7,1,1,0,20,1,3.14,3.33,26300,5,0,1,13.8,1,4,0,0
2,       2,0,42,0,0,7,0,0,0,21,1,4,4.41,15271,3,1,1,75,0,1,1,1
3,       3,1,84,0,1,5,1,1,1,19,1,3.28,3.5,7604,2,1,1,60,0,1,1,1
3,       3,1,89,0,1,21,1,1,1,18,1,3.38,2.92,9047,2,0,1,9,1,2,0,0
3,       3,1,97,0,0,45,0,1,1,20,0,3.24,3.83,12061,2,0,1,24.67,1,2,0,0
3,       3,1,81,0,1,3,1,1,1,19,0,3.1,3.58,16181,3,0,1,20,0,2,0,0
4,       4,0,77,0,0,40,0,1,1,36,1,3.38,3.58,7161,2,0,1,35,0,2,0,0
4,       4,0,86,0,0,30,0,1,1,23,1,3.29,4.08,12061,2,1,1,13,2,2,1,1
4,       4,0,85,0,0,45,0,1,1,24,1,2.52,4.58,9543,2,1,1,18,0,4,1,1
4,       4,0,34,0,0,20,0,0,0,23,0,3.48,4.08,7450,2,0,1,16,1,3,0,0
4,       4,0,72,1,1,4,0,1,1,24,0,2.86,4.08,3443,1,0,1,20.25,1,3,0,0
5,       5,1,85,0,1,20,1,1,1,19,1,3.57,2.67,10206,2,1,1,36.5,0,2,1,1
5,       5,1,84,0,1,20,1,1,1,44,0,4.1,4,7768,2,1,1,16.5,2,0,1,1
5,       5,1,93,0,0,28,0,1,1,33,1,4.24,4.17,6542,1,1,0,15.5,1,3,1,1
5,       5,1,46,0,0,18,0,0,0,21,1,4.71,3.83,19306,3,1,1,14.75,0,4,1,1
5,       5,1,79,0,1,2,1,1,1,27,0,4,3,10023,2,0,1,16.43,1,6,1,1
5,       5,1,28,0,0,4,1,0,0,19,1,2.67,2.83,17062,3,0,0,8.29,6,1,1,1
5,       5,1,68,0,0,8,0,1,0,22,1,3.33,3,6321,1,0,1,16.6,1,4,1,1
5,       5,1,53,0,0,2,0,1,0,19,1,3.57,4,4845,1,0,1,12.6,3,2,1,1
5,       5,1,20,1,1,1,0,0,0,35,1,4.05,4.5,9853,2,0,0,38.33,0,3,1,1
6,       6,0,68,0,0,25,1,1,0,30,1,4.33,4,24050,4,0,1,22.67,2,1,1,1
6,       6,0,81,0,1,25,1,1,1,18,1,3.67,4.08,6944,2,1,1,30.5,0,2,1,1
6,       6,0,81,0,0,30,0,1,1,27,0,3.71,4.5,12628,2,1,1,22.5,1,1,1,1
6,       6,0,46,0,0,15,1,0,0,19,0,2.43,2.83,6738,2,0,1,12.5,1,3,0,0
6,       6,0,76,0,0,35,0,1,1,18,1,4.1,4.17,9818,2,0,1,16.25,1,3,0,0
6,       6,0,81,0,1,5,1,1,1,20,0,2.62,4,5790,1,0,1,15,1,2,0,0
6,       6,0,18,0,0,1,1,0,0,21,0,2.33,3.67,16258,3,0,1,25,1,2,0,0
6,       6,0,79,0,1,2,1,1,1,21,1,4.33,2.67,18293,3,0,1,16.33,0,3,1,1
6,       6,0,35,0,0,10,0,0,0,18,0,3.33,2.58,19861,4,0,1,17.33,0,3,1,1
6,       6,0,76,0,1,1,1,1,1,18,1,1.95,3.75,8644,2,1,1,15,0,3,0,0
6,       6,0,22,0,0,1,1,0,0,18,1,2.29,3.58,4674,1,1,1,19,0,3,0,0
6,       6,0,53,0,0,2,0,1,0,18,1,2.52,3.67,18892,3,0,1,12.17,3,3,0,0
6,       6,0,70,1,1,1,0,1,1,18,1,2.9,3,14761,3,0,1,15.67,2,4,0,0
7,       7,0,65,0,0,30,0,1,0,20,1,3.48,4.42,6449,1,1,1,16,4,2,1,1
7,       7,0,97,0,1,16,1,1,1,19,1,3.57,3.67,16181,3,1,1,18.33,3,3,1,1
7,       7,0,3,0,0,12,1,0,0,18,1,3.38,3.58,19867,4,1,1,15,3,1,0,0
7,       7,0,61,0,0,42,0,1,0,18,0,3.24,2.75,5299,1,1,1,23.75,2,2,0,0
7,       7,0,1,0,0,10,0,0,0,25,1,3.9,4,13232,3,0,1,9,3,4,0,1
7,       7,0,83,0,0,3,0,1,1,18,1,3.24,3.5,3443,1,0,1,11,4,3,0,1
7,       7,0,13,1,1,1,0,0,0,19,1,3.29,3.33,9184,2,1,1,11,1,3,1,1
8,       8,1,76,0,1,20,1,1,1,28,1,2.52,3.08,23609,4,1,1,14.25,0,4,0,1
8,       8,1,27,0,0,5,1,0,0,21,1,3.24,3.58,23246,4,0,1,14.5,3,3,0,0
8,       8,1,73,0,1,15,1,1,1,20,1,3.76,4.33,27036,5,0,1,18.83,2,4,0,0
8,       8,1,95,0,1,25,1,1,1,21,1,4.14,4.42,8263,2,0,1,25,1,1,1,1
8,       8,1,16,0,0,1,1,0,0,21,1,2.71,3.67,13435,3,0,1,30,0,2,1,1
8,       8,1,13,0,0,5,1,0,0,21,0,3.05,3.83,7459,2,0,1,12.44,4,5,0,0
8,       8,1,10,0,0,2,0,0,0,21,0,2.38,2.92,6908,2,0,1,8.22,7,2,0,0
8,       8,1,84,1,1,1,0,1,1,23,0,4.05,3.5,9388,2,1,1,17,4,2,1,1
9,       9,0,70,0,1,20,1,1,1,20,1,3.67,4,9388,2,1,1,15,3,3,1,1
9,       9,0,45,0,0,10,0,0,0,18,1,4,3.83,11835,2,1,1,25,2,1,1,1
9,       9,0,60,0,0,2,1,1,0,26,0,3.95,4,19861,4,1,1,25,1,2,1,1
9,       9,0,48,0,0,2,1,0,0,26,1,3.24,4.33,3573,1,1,1,23.75,2,2,1,1
9,       9,0,90,0,1,1,0,1,1,20,1,3.1,4.08,5835,1,1,1,25,2,2,1,1
10,      10,1,98,0,0,60,0,1,1,18,1,4.1,3.83,6164,1,1,1,20,4,1,1,1
11,      11,0,75,0,1,20,1,1,1,19,1,3.67,3.75,15521,3,1,1,22,3,2,1,1
11,      11,0,58,0,0,6,0,1,0,22,1,3.14,3.67,20115,4,1,1,26.67,1,2,1,1
11,      11,0,21,1,1,1,0,0,0,20,1,2.86,2.83,15628,3,1,1,20.33,2,1,1,1
12,      12,0,64,0,0,30,0,1,0,19,0,2.86,3.08,8179,2,0,1,100,0,1,0,0
12,      12,0,71,1,1,6,0,1,1,19,0,2.81,3.08,5534,1,0,1,59,0,1,0,0
13,      13,1,67,0,0,25,1,1,0,26,1,3.43,2.58,11047,2,0,1,6.75,2,2,0,0
13,      13,1,96,0,0,2,1,1,1,22,1,3.43,3.75,6791,2,0,1,18.5,0,4,0,0
13,      13,1,59,0,0,10,0,1,0,27,0,3.33,4.25,2164,1,1,1,17,2,0,1,1
13,      13,1,33,0,0,15,0,0,0,18,0,2.48,2.33,20414,4,1,1,62.5,0,2,1,1
14,      14,0,56,0,0,19,1,1,0,20,0,3.52,4.17,13786,3,1,1,10.71,3,4,0,0
14,      14,0,80,0,0,40,0,1,1,19,1,2.62,4.17,10109,2,1,1,11.29,2,5,0,0
14,      14,0,93,0,0,3,0,1,1,33,0,2.81,3.5,26300,5,1,1,12.67,2,4,1,1
14,      14,0,74,0,0,2,0,1,1,20,0,3.67,3.42,23679,4,1,1,5.17,5,1,1,1
15,      15,1,88,0,0,40,0,1,1,19,1,3.38,3.08,3631,1,0,1,21.67,2,1,0,0
15,      15,1,63,0,0,33,0,1,0,19,0,3.1,4.17,19861,4,0,1,30,2,1,0,0
16,      16,1,58,0,0,30,0,1,0,24,0,3.48,3.75,19861,4,0,1,14.73,14,1,1,1
16,      16,1,100,0,0,30,0,1,1,19,1,2.14,2.75,16181,3,0,1,14.13,7,8,1,1
16,      16,1,35,0,0,1,1,0,0,25,0,3.9,3.83,15271,3,1,1,15,1,4,1,1
16,      16,1,66,1,1,1,0,1,0,19,1,3.24,3.25,9555,2,1,1,10.25,3,1,1,1
17,      17,0,91,0,0,40,0,1,1,20,1,3.43,2.83,19045,3,1,1,15.33,4,5,0,0
17,      17,0,13,0,0,10,1,0,0,20,1,3.67,3.33,19045,3,1,1,7.67,6,3,0,0
17,      17,0,96,0,0,43,0,1,1,18,1,4.38,3.58,9158,2,0,1,30,1,1,1,1
17,      17,0,14,0,0,15,0,0,0,20,1,2.67,3.42,8569,2,0,1,20,1,1,1,1
17,      17,0,9,0,0,4,0,0,0,19,1,3.1,2.83,16117,3,0,1,21.8,2,3,0,0
17,      17,0,32,0,0,2,0,0,0,18,1,3.1,3.83,2799,1,0,1,14.4,3,2,0,0
17,      17,0,5,1,1,1,0,0,0,23,1,3.86,3.5,20860,4,0,1,14.64,10,4,0,0
18,      18,0,65,0,0,25,1,1,0,19,1,4,3.75,10335,2,0,1,15.79,6,8,0,0
18,      18,0,85,0,0,30,0,1,1,22,0,1.86,3.25,4347,1,1,1,60,0,1,1,1
18,      18,0,100,0,0,20,0,1,1,19,1,3.86,2.67,14567,3,1,1,48,0,1,1,1
18,      18,0,91,0,0,7,0,1,1,22,1,2.9,2.92,12020,2,1,1,14.8,0,5,0,0
18,      18,0,58,0,0,1,0,1,0,31,1,3.57,3.67,9759,2,1,0,7.8,2,3,0,0
19,      19,0,41,0,0,30,0,0,0,24,0,2.48,3.58,28084,5,0,1,16.4,4,1,1,1
19,      19,0,95,0,0,35,0,1,1,22,1,4.05,3.58,11312,2,0,1,22.6,1,4,1,1
19,      19,0,47,0,0,50,0,0,0,21,0,4.33,4.5,23646,4,0,1,17.67,3,0,1,1
20,      20,1,51,0,0,41,0,1,0,24,0,3.57,2.83,11386,2,0,1,16.67,1,2,0,0
20,      20,1,83,0,0,20,0,1,1,23,1,3.38,3.42,8328,2,1,1,21.25,1,3,0,0
21,      21,0,78,0,1,25,1,1,1,22,1,3.1,3.83,5163,1,1,1,16.75,3,1,0,0
21,      21,0,24,0,0,10,0,0,0,21,1,3.24,3.83,2954,1,1,1,21.67,3,3,1,1
21,      21,0,27,0,0,10,0,0,0,27,1,3.05,3.08,16181,3,1,1,15.83,4,2,1,1
21,      21,0,100,0,0,5,0,1,1,21,1,2.43,4.33,3231,1,1,0,25,1,1,1,1
22,      22,0,23,0,0,30,0,0,0,21,1,3.05,3.5,24152,4,1,1,35,1,1,1,1
22,      22,0,45,0,0,5,1,0,0,20,1,3.1,3.08,4098,1,1,1,19.6,2,3,1,1
22,      22,0,78,0,0,10,0,1,1,26,0,3.43,3.5,26340,5,1,1,17.4,2,3,1,1
23,      23,0,92,0,0,40,0,1,1,23,0,3.24,3.83,4720,1,0,1,8.67,3,3,0,0
23,      23,0,76,0,0,7,0,1,1,19,1,2.81,2.92,4720,1,0,1,13,1,5,0,0
23,      23,0,63,0,0,2,0,1,0, , , , , , , , , , , , , 
24,      24,1,32,0,0,30,0,0,0, , , , , , , , , , , , , 
24,      24,1,20,0,0,10,0,0,0, , , , , , , , , , , , , 
24,      24,1,10,1,1,5,0,0,0, , , , , , , , , , , , , 
25,      25,0,52,0,0,3,1,1,0, , , , , , , , , , , , , 
25,      25,0,50,0,0,20,1,1,0, , , , , , , , , , , , , 
25,      25,0,32,0,0,42,0,0,0, , , , , , , , , , , , , 
25,      25,0,100,0,0,6,0,1,1, , , , , , , , , , , , , 
25,      25,0,1,0,0,1,1,0,0, , , , , , , , , , , , , 
25,      25,0,23,1,1,1,0,0,0, , , , , , , , , , , , , 
26,      26,1,57,0,0,21,1,1,0, , , , , , , , , , , , , 
26,      26,1,78,0,1,25,1,1,1, , , , , , , , , , , , , 
26,      26,1,76,0,0,30,0,1,1, , , , , , , , , , , , , 
26,      26,1,44,0,0,17,1,0,0, , , , , , , , , , , , , 
26,      26,1,91,0,0,2,1,1,1, , , , , , , , , , , , , 
26,      26,1,85,0,0,1,0,1,1, , , , , , , , , , , , , 
27,      27,1,85,0,1,10,1,1,1, , , , , , , , , , , , , 
27,      27,1,30,0,0,10,1,0,0, , , , , , , , , , , , , 
27,      27,1,51,0,0,20,1,1,0, , , , , , , , , , , , , 
27,      27,1,68,0,0,20,0,1,0, , , , , , , , , , , , , 
28,      28,0,68,0,0,15,1,1,0, , , , , , , , , , , , , 
28,      28,0,86,0,1,20,1,1,1, , , , , , , , , , , , , 
28,      28,0,54,0,0,20,1,1,0, , , , , , , , , , , , , 
28,      28,0,39,0,0,3,0,0,0, , , , , , , , , , , , , 
28,      28,0,48,0,0,2,1,0,0, , , , , , , , , , , , , 
28,      28,0,1,0,0,2,0,0,0, , , , , , , , , , , , , 
28,      28,0,58,1,1,1,0,1,0, , , , , , , , , , , , , 
29,      29,1,65,0,0,40,0,1,0, , , , , , , , , , , , , 
29,      29,1,99,0,0,2,1,1,1, , , , , , , , , , , , , 
29,      29,1,19,0,0,1,0,0,0, , , , , , , , , , , , , 
29,      29,1,92,1,1,1,0,1,1, , , , , , , , , , , , , 
30,      30,0,44,0,0,20,1,0,0, , , , , , , , , , , , , 
30,      30,0,63,0,0,20,1,1,0, , , , , , , , , , , , , 
30,      30,0,75,0,0,10,1,1,1, , , , , , , , , , , , , 
30,      30,0,11,0,0,15,0,0,0, , , , , , , , , , , , , 
30,      30,0,32,0,0,20,0,0,0, , , , , , , , , , , , , 
30,      30,0,17,0,0,2,0,0,0, , , , , , , , , , , , , 
31,      31,1,72,0,1,25,1,1,1, , , , , , , , , , , , , 
31,      31,1,26,1,1,25,0,0,0, , , , , , , , , , , , , 
31,      31,0,99,0,1,25,1,1,1, , , , , , , , , , , , , 
31,      31,0,36,0,0,25,1,0,0, , , , , , , , , , , , , 
31,      31,0,40,0,0,30,0,0,0, , , , , , , , , , , , , 
31,      31,0,88,0,0,15,0,1,1, , , , , , , , , , , , , 
31,      31,0,25,0,0,10,0,0,0, , , , , , , , , , , , , 
31,      31,0,30,0,0,1,1,0,0, , , , , , , , , , , , , 
31,      31,0,46,0,0,2,1,0,0, , , , , , , , , , , , , 
31,      31,0,100,0,0,3,0,1,1, , , , , , , , , , , , , 
31,      31,0,98,0,1,1,0,1,1, , , , , , , , , , , , , 
33,      33,1,53,0,0,22,1,1,0, , , , , , , , , , , , , 
33,      33,1,51,0,0,24,1,1,0, , , , , , , , , , , , , 
33,      33,1,66,0,0,24,1,1,0, , , , , , , , , , , , , 
33,      33,1,97,0,0,30,0,1,1, , , , , , , , , , , , , 
33,      33,1,13,0,0,1,1,0,0, , , , , , , , , , , , , 
33,      33,1,96,1,1,1,0,1,1, , , , , , , , , , , , , 
34,      34,1,75,0,1,15,1,1,1, , , , , , , , , , , , , 
34,      34,1,62,0,0,20,1,1,0, , , , , , , , , , , , , 
34,      34,1,40,0,0,40,0,0,0, , , , , , , , , , , , , 
35,      35,1,76,0,0,30,0,1,1, , , , , , , , , , , , , 
35,      35,1,91,0,1,15,1,1,1, , , , , , , , , , , , , 
35,      35,1,41,0,0,40,0,0,0, , , , , , , , , , , , , 
35,      35,1,83,0,1,10,1,1,1, , , , , , , , , , , , , 
36,      36,1,83,0,1,20,1,1,1, , , , , , , , , , , , , 
36,      36,1,45,0,0,22,1,0,0, , , , , , , , , , , , , 
36,      36,1,67,0,0,23,1,1,0, , , , , , , , , , , , , 
36,      36,1,13,0,0,10,1,0,0, , , , , , , , , , , , , 
36,      36,1,2,0,0,25,0,0,0, , , , , , , , , , , , , 
37,      37,1,74,0,1,20,1,1,1, , , , , , , , , , , , , 
37,      37,1,95,0,0,45,0,1,1, , , , , , , , , , , , , 
37,      37,1,42,0,0,15,1,0,0, , , , , , , , , , , , , 
38,      38,0,41,1,1,100,0,0,0, , , , , , , , , , , , , 
39,      39,0,73,0,1,20,1,1,1, , , , , , , , , , , , , 
39,      39,0,13,0,0,5,1,0,0, , , , , , , , , , , , , 
39,      39,0,100,0,0,1,0,1,1, , , , , , , , , , , , , 
39,      39,0,91,1,1,1,0,1,1, , , , , , , , , , , , , 
40,      40,1,52,0,0,15,1,1,0, , , , , , , , , , , , , 
40,      40,1,60,0,0,19,1,1,0, , , , , , , , , , , , , 
41,      41,1,95,0,1,15,1,1,1, , , , , , , , , , , , , 
41,      41,1,83,0,1,20,1,1,1, , , , , , , , , , , , , 
41,      41,1,18,0,0,30,0,0,0, , , , , , , , , , , , , 
41,      41,1,85,0,0,1,1,1,1, , , , , , , , , , , , , 
41,      41,1,6,0,0,5,0,0,0, , , , , , , , , , , , , 
41,      41,1,88,0,0,3,0,1,1, , , , , , , , , , , , , 
41,      41,1,57,1,1,1,0,1,0, , , , , , , , , , , , , 
42,      42,1,60,0,0,40,0,1,0, , , , , , , , , , , , , 
42,      42,1,12,0,0,18,0,0,0, , , , , , , , , , , , , 
42,      42,1,78,0,1,1,1,1,1, , , , , , , , , , , , , 
42,      42,1,19,0,0,9,0,0,0, , , , , , , , , , , , , 
42,      42,1,85,0,1,1,1,1,1, , , , , , , , , , , , , 
42,      42,1,8,1,1,7,0,0,0, , , , , , , , , , , , , 
43,      43,0,91,0,1,25,1,1,1, , , , , , , , , , , , , 
43,      43,0,65,0,0,30,0,1,0, , , , , , , , , , , , , 
43,      43,0,13,0,0,10,1,0,0, , , , , , , , , , , , , 
44,      44,0,62,0,0,25,1,1,0, , , , , , , , , , , , , 
44,      44,0,78,0,1,25,1,1,1, , , , , , , , , , , , , 
44,      44,0,72,0,1,25,1,1,1, , , , , , , , , , , , , 
44,      44,0,20,0,0,25,1,0,0, , , , , , , , , , , , , 
44,      44,0,95,0,1,25,1,1,1, , , , , , , , , , , , , 
44,      44,0,42,0,0,25,1,0,0, , , , , , , , , , , , , 
44,      44,0,8,0,0,25,1,0,0, , , , , , , , , , , , , 
44,      44,0,1,0,0,25,1,0,0, , , , , , , , , , , , , 
44,      44,0,84,0,0,11,1,1,1, , , , , , , , , , , , , 
44,      44,0,81,0,0,3,1,1,1, , , , , , , , , , , , , 
44,      44,0,70,0,1,1,1,1,1, , , , , , , , , , , , , 
44,      44,0,69,0,1,1,1,1,1, , , , , , , , , , , , , 
44,      44,0,13,0,0,1,1,0,0, , , , , , , , , , , , , 
44,      44,0,34,0,0,1,1,0,0, , , , , , , , , , , , , 
44,      44,0,6,0,0,3,0,0,0, , , , , , , , , , , , , 
45,      45,1,87,0,1,25,1,1,1, , , , , , , , , , , , , 
45,      45,1,90,0,1,20,1,1,1, , , , , , , , , , , , , 
45,      45,1,17,0,0,10,0,0,0, , , , , , , , , , , , , 
45,      45,1,9,1,1,5,0,0,0, , , , , , , , , , , , , 
46,      46,0,81,0,1,25,1,1,1, , , , , , , , , , , , , 
46,      46,0,69,0,1,15,1,1,1, , , , , , , , , , , , , 
46,      46,0,25,0,0,30,0,0,0, , , , , , , , , , , , , 
46,      46,0,25,0,0,45,0,0,0, , , , , , , , , , , , , 
46,      46,0,59,0,0,15,0,1,0, , , , , , , , , , , , , 
46,      46,0,65,0,0,5,0,1,0, , , , , , , , , , , , , 
46,      46,0,69,0,1,1,1,1,1, , , , , , , , , , , , , 
46,      46,0,1,0,0,1,1,0,0, , , , , , , , , , , , , 
46,      46,0,31,0,0,1,0,0,0, , , , , , , , , , , , , 
47,      47,1,79,0,1,25,1,1,1, , , , , , , , , , , , , 
47,      47,1,70,0,0,35,0,1,1, , , , , , , , , , , , , 
48,      48,0,50,0,0,15,1,1,0, , , , , , , , , , , , , 
48,      48,0,97,0,0,30,0,1,1, , , , , , , , , , , , , 
48,      48,0,5,0,0,60,0,0,0, , , , , , , , , , , , , 
48,      48,0,61,0,0,3,1,1,0, , , , , , , , , , , , , 
48,      48,0,80,1,1,1,0,1,1, , , , , , , , , , , , , 
49,      49,0,80,0,1,20,1,1,1, , , , , , , , , , , , , 
49,      49,0,93,0,1,20,1,1,1, , , , , , , , , , , , , 
49,      49,0,88,0,1,15,1,1,1, , , , , , , , , , , , , 
49,      49,0,11,0,0,30,0,0,0, , , , , , , , , , , , , 
49,      49,0,48,0,0,25,1,0,0, , , , , , , , , , , , , 
49,      49,0,94,0,1,15,1,1,1, , , , , , , , , , , , , 
49,      49,0,36,0,0,25,1,0,0, , , , , , , , , , , , , 
49,      49,0,72,0,0,30,0,1,1, , , , , , , , , , , , , 
49,      49,0,45,0,0,5,1,0,0, , , , , , , , , , , , , 
49,      49,0,16,0,0,5,1,0,0, , , , , , , , , , , , , 
49,      49,0,81,0,0,10,0,1,1, , , , , , , , , , , , , 
49,      49,0,3,0,0,3,0,0,0, , , , , , , , , , , , , 
49,      49,0,55,0,0,1,1,1,0, , , , , , , , , , , , , 
49,      49,0,98,0,0,1,0,1,1, , , , , , , , , , , , , 
50,      50,1,58,0,0,60,0,1,0, , , , , , , , , , , , , 
51,      51,1,62,0,0,45,0,1,0, , , , , , , , , , , , , 
51,      51,1,73,0,0,10,0,1,1, , , , , , , , , , , , , 
51,      51,1,55,0,0,15,0,1,0, , , , , , , , , , , , , 
51,      51,1,77,0,0,3,0,1,1, , , , , , , , , , , , , 
51,      51,1,72,0,0,1,0,1,1, , , , , , , , , , , , , 
52,      52,0,71,0,1,15,1,1,1, , , , , , , , , , , , , 
52,      52,0,64,0,0,25,1,1,0, , , , , , , , , , , , , 
52,      52,0,98,0,1,25,1,1,1, , , , , , , , , , , , , 
52,      52,0,85,0,0,9,1,1,1, , , , , , , , , , , , , 
52,      52,0,46,0,0,8,0,0,0, , , , , , , , , , , , , 
53,      53,0,55,0,0,30,0,1,0, , , , , , , , , , , , , 
53,      53,0,56,0,0,20,0,1,0, , , , , , , , , , , , , 
53,      53,0,84,0,0,3,0,1,1, , , , , , , , , , , , , 
54,      54,1,91,0,1,20,1,1,1, , , , , , , , , , , , , 
54,      54,1,76,0,0,37,0,1,1, , , , , , , , , , , , , 
54,      54,1,92,0,0,18,0,1,1, , , , , , , , , , , , , 
54,      54,1,32,0,0,10,0,0,0, , , , , , , , , , , , , 
55,      55,1,61,0,0,27,0,1,0, , , , , , , , , , , , , 
55,      55,1,64,0,0,4,1,1,0, , , , , , , , , , , , , 
55,      55,1,13,0,0,6,1,0,0, , , , , , , , , , , , , 
55,      55,1,75,0,1,15,1,1,1, , , , , , , , , , , , , 
55,      55,1,94,0,0,75,0,1,1, , , , , , , , , , , , , 
55,      55,1,47,0,0,3,0,0,0, , , , , , , , , , , , , 
56,      56,1,66,0,0,30,0,1,0, , , , , , , , , , , , , 
56,      56,1,10,0,0,20,0,0,0, , , , , , , , , , , , , 
57,      57,1,67,0,0,30,0,1,0, , , , , , , , , , , , , 
57,      57,1,45,0,0,20,1,0,0, , , , , , , , , , , , , 
57,      57,1,82,0,0,40,0,1,1, , , , , , , , , , , , , 
57,      57,1,82,0,0,5,1,1,1, , , , , , , , , , , , , 
57,      57,1,8,0,0,3,0,0,0, , , , , , , , , , , , , 
58,      58,0,89,0,1,10,1,1,1, , , , , , , , , , , , , 
58,      58,0,55,0,0,20,1,1,0, , , , , , , , , , , , , 
58,      58,0,80,0,0,11,1,1,1, , , , , , , , , , , , , 
58,      58,0,10,0,0,8,0,0,0, , , , , , , , , , , , , 
58,      58,0,56,0,0,2,0,1,0, , , , , , , , , , , , , 
58,      58,0,37,0,0,1,0,0,0, , , , , , , , , , , , , 
1,      59,0,70,0,1,17,1,1,1, , , , , , , , , , , , , 
1,      59,0,59,0,0,22,1,1,0, , , , , , , , , , , , , 
1,      59,0,65,0,0,20,1,1,0, , , , , , , , , , , , , 
1,      59,0,96,0,1,25,1,1,1, , , , , , , , , , , , , 
1,      59,0,18,0,0,27,0,0,0, , , , , , , , , , , , , 
1,      59,0,99,0,0,10,0,1,1, , , , , , , , , , , , , 
1,      59,0,4,0,0,2,0,0,0, , , , , , , , , , , , , 
2,      60,0,95,0,1,10,1,1,1, , , , , , , , , , , , , 
2,      60,0,36,0,0,1,1,0,0, , , , , , , , , , , , , 
2,      60,0,65,0,0,15,1,1,0, , , , , , , , , , , , , 
2,      60,0,37,0,0,2,1,0,0, , , , , , , , , , , , , 
2,      60,0,17,0,0,1,1,0,0, , , , , , , , , , , , , 
2,      60,0,93,0,0,30,0,1,1, , , , , , , , , , , , , 
2,      60,0,93,0,0,10,1,1,1, , , , , , , , , , , , , 
2,      60,0,65,0,0,13,1,1,0, , , , , , , , , , , , , 
2,      60,0,4,0,0,3,1,0,0, , , , , , , , , , , , , 
2,      60,0,72,0,1,1,1,1,1, , , , , , , , , , , , , 
2,      60,0,63,0,0,20,0,1,0, , , , , , , , , , , , , 
2,      60,0,42,0,0,7,0,0,0, , , , , , , , , , , , , 
3,      61,1,84,0,1,25,1,1,1, , , , , , , , , , , , , 
3,      61,1,89,0,1,25,1,1,1, , , , , , , , , , , , , 
3,      61,1,97,0,1,25,1,1,1, , , , , , , , , , , , , 
3,      61,1,81,0,1,30,0,1,1, , , , , , , , , , , , , 
4,      62,0,77,0,1,10,1,1,1, , , , , , , , , , , , , 
4,      62,0,86,0,1,12,1,1,1, , , , , , , , , , , , , 
4,      62,0,85,0,1,19,1,1,1, , , , , , , , , , , , , 
4,      62,0,34,0,0,11,0,0,0, , , , , , , , , , , , , 
4,      62,0,72,0,0,3,0,1,1, , , , , , , , , , , , , 
5,      63,1,85,0,1,25,1,1,1, , , , , , , , , , , , , 
5,      63,1,84,0,1,23,1,1,1, , , , , , , , , , , , , 
5,      63,1,93,0,0,30,0,1,1, , , , , , , , , , , , , 
5,      63,1,46,0,0,8,1,0,0, , , , , , , , , , , , , 
5,      63,1,79,0,0,3,1,1,1, , , , , , , , , , , , , 
5,      63,1,28,0,0,4,1,0,0, , , , , , , , , , , , , 
5,      63,1,68,0,0,4,1,1,0, , , , , , , , , , , , , 
5,      63,1,53,0,0,1,1,1,0, , , , , , , , , , , , , 
5,      63,1,20,0,0,0,1,0,0, , , , , , , , , , , , , 
6,      64,0,68,0,0,25,1,1,0, , , , , , , , , , , , , 
6,      64,0,81,0,1,20,1,1,1, , , , , , , , , , , , , 
6,      64,0,81,0,1,20,1,1,1, , , , , , , , , , , , , 
6,      64,0,46,0,0,15,1,0,0, , , , , , , , , , , , , 
6,      64,0,76,0,1,25,1,1,1, , , , , , , , , , , , , 
6,      64,0,81,0,0,20,0,1,1, , , , , , , , , , , , , 
6,      64,0,18,0,0,5,0,0,0, , , , , , , , , , , , , 
6,      64,0,79,0,0,5,0,1,1, , , , , , , , , , , , , 
6,      64,0,35,0,0,0,1,0,0, , , , , , , , , , , , , 
6,      64,0,76,0,1,0,1,1,1, , , , , , , , , , , , , 
6,      64,0,22,0,0,0,1,0,0, , , , , , , , , , , , , 
6,      64,0,53,0,0,2,0,1,0, , , , , , , , , , , , , 
6,      64,0,70,0,0,0,1,1,1, , , , , , , , , , , , , 
7,      65,0,65,0,0,9,1,1,0, , , , , , , , , , , , , 
7,      65,0,97,0,1,15,1,1,1, , , , , , , , , , , , , 
7,      65,0,3,0,0,20,1,0,0, , , , , , , , , , , , , 
7,      65,0,61,0,0,30,0,1,0, , , , , , , , , , , , , 
7,      65,0,1,0,0,12,0,0,0, , , , , , , , , , , , , 
7,      65,0,83,0,0,2,0,1,1, , , , , , , , , , , , , 
7,      65,0,13,1,1,1,0,0,0, , , , , , , , , , , , , 
8,      66,1,76,0,1,25,1,1,1, , , , , , , , , , , , , 
8,      66,1,27,0,0,25,1,0,0, , , , , , , , , , , , , 
8,      66,1,73,0,1,25,1,1,1, , , , , , , , , , , , , 
8,      66,1,95,0,1,25,1,1,1, , , , , , , , , , , , , 
8,      66,1,16,0,0,75,0,0,0, , , , , , , , , , , , , 
8,      66,1,13,0,0,13,0,0,0, , , , , , , , , , , , , 
8,      66,1,10,0,0,3,0,0,0, , , , , , , , , , , , , 
8,      66,1,84,1,1,1,0,1,1, , , , , , , , , , , , , 
9,      67,0,70,0,0,49,0,1,1, , , , , , , , , , , , , 
9,      67,0,45,0,0,13,0,0,0, , , , , , , , , , , , , 
9,      67,0,60,0,0,2,1,1,0, , , , , , , , , , , , , 
9,      67,0,48,0,0,4,0,0,0, , , , , , , , , , , , , 
9,      67,0,90,0,1,1,0,1,1, , , , , , , , , , , , , 
10,      68,1,98,0,0,75,0,1,1, , , , , , , , , , , , , 
11,      69,0,75,0,0,72,0,1,1, , , , , , , , , , , , , 
11,      69,0,58,0,0,1,1,1,0, , , , , , , , , , , , , 
11,      69,0,21,1,1,1,0,0,0, , , , , , , , , , , , , 
12,      70,0,64,0,0,64,0,1,0, , , , , , , , , , , , , 
12,      70,0,71,1,1,6,0,1,1, , , , , , , , , , , , , 
13,      71,1,67,0,0,37,0,1,0, , , , , , , , , , , , , 
13,      71,1,96,0,0,10,0,1,1, , , , , , , , , , , , , 
13,      71,1,59,0,0,10,0,1,0, , , , , , , , , , , , , 
13,      71,1,33,0,0,15,0,0,0, , , , , , , , , , , , , 
14,      72,0,56,0,0,25,1,1,0, , , , , , , , , , , , , 
14,      72,0,80,0,0,49,0,1,1, , , , , , , , , , , , , 
14,      72,0,93,0,0,5,0,1,1, , , , , , , , , , , , , 
14,      72,0,74,0,0,2,0,1,1, , , , , , , , , , , , , 
15,      73,1,88,0,1,25,1,1,1, , , , , , , , , , , , , 
15,      73,1,63,0,0,8,1,1,0, , , , , , , , , , , , , 
16,      74,1,58,0,0,30,0,1,0, , , , , , , , , , , , , 
16,      74,1,100,0,0,25,0,1,1, , , , , , , , , , , , , 
16,      74,1,35,0,0,3,0,0,0, , , , , , , , , , , , , 
16,      74,1,66,1,1,1,0,1,0, , , , , , , , , , , , , 
17,      75,0,91,0,1,8,1,1,1, , , , , , , , , , , , , 
17,      75,0,13,0,0,15,1,0,0, , , , , , , , , , , , , 
17,      75,0,96,0,1,25,1,1,1, , , , , , , , , , , , , 
17,      75,0,14,0,0,5,1,0,0, , , , , , , , , , , , , 
17,      75,0,9,0,0,3,1,0,0, , , , , , , , , , , , , 
17,      75,0,32,0,0,2,0,0,0, , , , , , , , , , , , , 
17,      75,0,5,0,0,0,1,0,0, , , , , , , , , , , , , 
18,      76,0,65,0,0,21,1,1,0, , , , , , , , , , , , , 
18,      76,0,85,0,1,25,1,1,1, , , , , , , , , , , , , 
18,      76,0,100,0,0,10,1,1,1, , , , , , , , , , , , , 
18,      76,0,91,0,0,6,0,1,1, , , , , , , , , , , , , 
18,      76,0,58,0,0,1,0,1,0, , , , , , , , , , , , , 
19,      77,0,41,0,0,2,1,0,0, , , , , , , , , , , , , 
19,      77,0,95,0,1,6,1,1,1, , , , , , , , , , , , , 
19,      77,0,47,0,0,60,0,0,0, , , , , , , , , , , , , 
20,      78,1,51,0,0,25,1,1,0, , , , , , , , , , , , , 
20,      78,1,83,0,0,20,0,1,1, , , , , , , , , , , , , 
21,      79,0,78,0,0,45,0,1,1, , , , , , , , , , , , , 
21,      79,0,24,0,0,5,1,0,0, , , , , , , , , , , , , 
21,      79,0,27,0,0,10,0,0,0, , , , , , , , , , , , , 
21,      79,0,100,0,0,5,0,1,1, , , , , , , , , , , , , 
22,      80,0,23,0,0,50,0,0,0, , , , , , , , , , , , , 
22,      80,0,45,0,0,5,1,0,0, , , , , , , , , , , , , 
22,      80,0,78,0,0,20,0,1,1, , , , , , , , , , , , , 
23,      81,0,92,0,0,40,0,1,1, , , , , , , , , , , , , 
23,      81,0,76,0,0,10,0,1,1, , , , , , , , , , , , , 
23,      81,0,63,0,0,2,0,1,0, , , , , , , , , , , , , 
24,      82,1,32,0,0,40,0,0,0, , , , , , , , , , , , , 
24,      82,1,20,0,0,15,0,0,0, , , , , , , , , , , , , 
24,      82,1,10,0,0,2,0,0,0, , , , , , , , , , , , , 
25,      83,0,52,0,0,25,1,1,0, , , , , , , , , , , , , 
25,      83,0,50,0,0,18,1,1,0, , , , , , , , , , , , , 
25,      83,0,32,0,0,40,0,0,0, , , , , , , , , , , , , 
25,      83,0,100,0,0,7,0,1,1, , , , , , , , , , , , , 
25,      83,0,1,0,0,3,0,0,0, , , , , , , , , , , , , 
25,      83,0,23,1,1,1,0,0,0, , , , , , , , , , , , , 
26,      84,1,57,0,0,5,1,1,0, , , , , , , , , , , , , 
26,      84,1,78,0,1,10,1,1,1, , , , , , , , , , , , , 
26,      84,1,76,0,1,15,1,1,1, , , , , , , , , , , , , 
26,      84,1,44,0,0,75,0,0,0, , , , , , , , , , , , , 
26,      84,1,91,0,0,4,0,1,1, , , , , , , , , , , , , 
26,      84,1,85,0,0,1,0,1,1, , , , , , , , , , , , , 
27,      85,1,85,0,1,10,1,1,1, , , , , , , , , , , , , 
27,      85,1,30,0,0,15,1,0,0, , , , , , , , , , , , , 
27,      85,1,51,0,0,40,0,1,0, , , , , , , , , , , , , 
27,      85,1,68,0,0,30,0,1,0, , , , , , , , , , , , , 
28,      86,0,68,0,0,20,1,1,0, , , , , , , , , , , , , 
28,      86,0,86,0,0,40,0,1,1, , , , , , , , , , , , , 
28,      86,0,54,0,0,10,1,1,0, , , , , , , , , , , , , 
28,      86,0,39,0,0,1,1,0,0, , , , , , , , , , , , , 
28,      86,0,48,0,0,4,0,0,0, , , , , , , , , , , , , 
28,      86,0,1,0,0,1,1,0,0, , , , , , , , , , , , , 
28,      86,0,58,1,1,1,0,1,0, , , , , , , , , , , , , 
29,      87,1,65,0,0,50,0,1,0, , , , , , , , , , , , , 
29,      87,1,99,0,0,5,0,1,1, , , , , , , , , , , , , 
29,      87,1,19,0,0,1,0,0,0, , , , , , , , , , , , , 
29,      87,1,92,1,1,1,0,1,1, , , , , , , , , , , , , 
30,      88,0,44,0,0,30,0,0,0, , , , , , , , , , , , , 
30,      88,0,63,0,0,40,0,1,0, , , , , , , , , , , , , 
30,      88,0,75,0,1,10,1,1,1, , , , , , , , , , , , , 
30,      88,0,11,0,0,5,1,0,0, , , , , , , , , , , , , 
30,      88,0,32,0,0,15,0,0,0, , , , , , , , , , , , , 
30,      88,0,17,0,0,3,0,0,0, , , , , , , , , , , , , 
31,      89,1,72,0,0,50,0,1,1, , , , , , , , , , , , , 
31,      89,1,26,0,0,10,0,0,0, , , , , , , , , , , , , 
31,      89,0,99,0,1,15,1,1,1, , , , , , , , , , , , , 
31,      89,0,36,0,0,15,1,0,0, , , , , , , , , , , , , 
31,      89,0,40,0,0,22,1,0,0, , , , , , , , , , , , , 
31,      89,0,88,0,0,10,1,1,1, , , , , , , , , , , , , 
31,      89,0,25,0,0,5,1,0,0, , , , , , , , , , , , , 
31,      89,0,30,0,0,1,1,0,0, , , , , , , , , , , , , 
31,      89,0,46,0,0,2,1,0,0, , , , , , , , , , , , , 
31,      89,0,100,0,0,3,0,1,1, , , , , , , , , , , , , 
31,      89,0,98,0,1,1,0,1,1, , , , , , , , , , , , , 
33,      91,1,53,0,0,25,1,1,0, , , , , , , , , , , , , 
33,      91,1,51,0,0,20,1,1,0, , , , , , , , , , , , , 
33,      91,1,66,0,0,30,0,1,0, , , , , , , , , , , , , 
33,      91,1,97,0,1,10,1,1,1, , , , , , , , , , , , , 
33,      91,1,13,0,0,4,0,0,0, , , , , , , , , , , , , 
33,      91,1,96,1,1,1,0,1,1, , , , , , , , , , , , , 
34,      92,1,75,0,1,25,1,1,1, , , , , , , , , , , , , 
34,      92,1,62,0,0,35,0,1,0, , , , , , , , , , , , , 
34,      92,1,40,0,0,15,0,0,0, , , , , , , , , , , , , 
35,      93,1,76,0,1,20,1,1,1, , , , , , , , , , , , , 
35,      93,1,91,0,0,30,0,1,1, , , , , , , , , , , , , 
35,      93,1,41,0,0,20,1,0,0, , , , , , , , , , , , , 
35,      93,1,83,0,0,30,0,1,1, , , , , , , , , , , , , 
36,      94,1,83,0,1,20,1,1,1, , , , , , , , , , , , , 
36,      94,1,45,0,0,20,1,0,0, , , , , , , , , , , , , 
36,      94,1,67,0,0,35,0,1,0, , , , , , , , , , , , , 
36,      94,1,13,0,0,10,1,0,0, , , , , , , , , , , , , 
36,      94,1,2,0,0,25,0,0,0, , , , , , , , , , , , , 
37,      95,1,74,0,1,18,1,1,1, , , , , , , , , , , , , 
37,      95,1,95,0,1,23,1,1,1, , , , , , , , , , , , , 
37,      95,1,42,0,0,20,0,0,0, , , , , , , , , , , , , 
38,      96,0,41,0,0,59,0,0,0, , , , , , , , , , , , , 
39,      97,0,73,0,0,32,0,1,1, , , , , , , , , , , , , 
39,      97,0,13,0,0,40,0,0,0, , , , , , , , , , , , , 
39,      97,0,100,0,0,1,0,1,1, , , , , , , , , , , , , 
39,      97,0,91,1,1,1,0,1,1, , , , , , , , , , , , , 
40,      98,1,52,0,0,35,0,1,0, , , , , , , , , , , , , 
40,      98,1,60,0,0,90,0,1,0, , , , , , , , , , , , , 
41,      99,1,95,0,1,7,1,1,1, , , , , , , , , , , , , 
41,      99,1,83,0,1,11,1,1,1, , , , , , , , , , , , , 
41,      99,1,18,0,0,30,0,0,0, , , , , , , , , , , , , 
41,      99,1,85,0,0,20,0,1,1, , , , , , , , , , , , , 
41,      99,1,6,0,0,5,0,0,0, , , , , , , , , , , , , 
41,      99,1,88,0,0,5,0,1,1, , , , , , , , , , , , , 
41,      99,1,57,1,1,1,0,1,0, , , , , , , , , , , , , 
42,     100,1,60,0,0,22,1,1,0, , , , , , , , , , , , , 
42,     100,1,12,0,0,2,1,0,0, , , , , , , , , , , , , 
42,     100,1,78,0,0,2,1,1,1, , , , , , , , , , , , , 
42,     100,1,19,0,0,2,1,0,0, , , , , , , , , , , , , 
42,     100,1,85,0,0,1,1,1,1, , , , , , , , , , , , , 
42,     100,1,8,0,0,2,0,0,0, , , , , , , , , , , , , 
43,     101,0,91,0,1,25,1,1,1, , , , , , , , , , , , , 
43,     101,0,65,0,0,25,1,1,0, , , , , , , , , , , , , 
43,     101,0,13,0,0,40,0,0,0, , , , , , , , , , , , , 
44,     102,0,62,0,0,20,1,1,0, , , , , , , , , , , , , 
44,     102,0,78,0,1,21,1,1,1, , , , , , , , , , , , , 
44,     102,0,72,0,1,21,1,1,1, , , , , , , , , , , , , 
44,     102,0,20,0,0,20,1,0,0, , , , , , , , , , , , , 
44,     102,0,95,0,1,22,1,1,1, , , , , , , , , , , , , 
44,     102,0,42,0,0,22,1,0,0, , , , , , , , , , , , , 
44,     102,0,8,0,0,20,1,0,0, , , , , , , , , , , , , 
44,     102,0,1,0,0,30,0,0,0, , , , , , , , , , , , , 
44,     102,0,84,0,0,20,0,1,1, , , , , , , , , , , , , 
44,     102,0,81,0,1,5,1,1,1, , , , , , , , , , , , , 
44,     102,0,70,0,0,2,0,1,1, , , , , , , , , , , , , 
44,     102,0,69,0,0,2,0,1,1, , , , , , , , , , , , , 
44,     102,0,13,0,0,2,0,0,0, , , , , , , , , , , , , 
44,     102,0,34,0,0,2,0,0,0, , , , , , , , , , , , , 
44,     102,0,6,0,0,3,0,0,0, , , , , , , , , , , , , 
45,     103,1,87,0,0,35,0,1,1, , , , , , , , , , , , , 
45,     103,1,90,0,1,3,1,1,1, , , , , , , , , , , , , 
45,     103,1,17,0,0,2,1,0,0, , , , , , , , , , , , , 
45,     103,1,9,0,0,1,1,0,0, , , , , , , , , , , , , 
46,     104,0,81,0,1,10,1,1,1, , , , , , , , , , , , , 
46,     104,0,69,0,1,10,1,1,1, , , , , , , , , , , , , 
46,     104,0,25,0,0,15,1,0,0, , , , , , , , , , , , , 
46,     104,0,25,0,0,15,1,0,0, , , , , , , , , , , , , 
46,     104,0,59,0,0,10,1,1,0, , , , , , , , , , , , , 
46,     104,0,65,0,0,5,0,1,0, , , , , , , , , , , , , 
46,     104,0,69,0,0,1,1,1,1, , , , , , , , , , , , , 
46,     104,0,1,0,0,2,0,0,0, , , , , , , , , , , , , 
46,     104,0,31,0,0,1,0,0,0, , , , , , , , , , , , , 
47,     105,1,79,0,0,30,0,1,1, , , , , , , , , , , , , 
47,     105,1,70,0,1,10,1,1,1, , , , , , , , , , , , , 
48,     106,0,50,0,0,20,1,1,0, , , , , , , , , , , , , 
48,     106,0,97,0,1,15,1,1,1, , , , , , , , , , , , , 
48,     106,0,5,0,0,25,1,0,0, , , , , , , , , , , , , 
48,     106,0,61,0,0,11,0,1,0, , , , , , , , , , , , , 
48,     106,0,80,1,1,1,0,1,1, , , , , , , , , , , , , 
49,     107,0,80,0,1,20,1,1,1, , , , , , , , , , , , , 
49,     107,0,93,0,1,15,1,1,1, , , , , , , , , , , , , 
49,     107,0,88,0,0,30,0,1,1, , , , , , , , , , , , , 
49,     107,0,11,0,0,18,1,0,0, , , , , , , , , , , , , 
49,     107,0,48,0,0,25,1,0,0, , , , , , , , , , , , , 
49,     107,0,94,0,0,28,0,1,1, , , , , , , , , , , , , 
49,     107,0,36,0,0,14,1,0,0, , , , , , , , , , , , , 
49,     107,0,72,0,0,31,0,1,1, , , , , , , , , , , , , 
49,     107,0,45,0,0,11,0,0,0, , , , , , , , , , , , , 
49,     107,0,16,0,0,7,1,0,0, , , , , , , , , , , , , 
49,     107,0,81,0,0,12,0,1,1, , , , , , , , , , , , , 
49,     107,0,3,0,0,6,0,0,0, , , , , , , , , , , , , 
49,     107,0,55,0,0,3,0,1,0, , , , , , , , , , , , , 
49,     107,0,98,0,0,1,0,1,1, , , , , , , , , , , , , 
50,     108,1,58,0,0,48,0,1,0, , , , , , , , , , , , , 
51,     109,1,62,0,0,27,0,1,0, , , , , , , , , , , , , 
51,     109,1,73,0,0,3,1,1,1, , , , , , , , , , , , , 
51,     109,1,55,0,0,5,1,1,0, , , , , , , , , , , , , 
51,     109,1,77,0,0,2,0,1,1, , , , , , , , , , , , , 
51,     109,1,72,0,0,1,0,1,1, , , , , , , , , , , , , 
52,     110,0,71,0,0,30,0,1,1, , , , , , , , , , , , , 
52,     110,0,64,0,0,25,1,1,0, , , , , , , , , , , , , 
52,     110,0,98,0,0,35,0,1,1, , , , , , , , , , , , , 
52,     110,0,85,0,0,15,0,1,1, , , , , , , , , , , , , 
52,     110,0,46,0,0,8,0,0,0, , , , , , , , , , , , , 
53,     111,0,55,0,0,25,1,1,0, , , , , , , , , , , , , 
53,     111,0,56,0,0,20,0,1,0, , , , , , , , , , , , , 
53,     111,0,84,1,1,5,0,1,1, , , , , , , , , , , , , 
54,     112,1,91,0,1,25,1,1,1, , , , , , , , , , , , , 
54,     112,1,76,0,1,15,1,1,1, , , , , , , , , , , , , 
54,     112,1,92,0,0,7,1,1,1, , , , , , , , , , , , , 
54,     112,1,32,0,0,20,0,0,0, , , , , , , , , , , , , 
55,     113,1,61,0,0,20,1,1,0, , , , , , , , , , , , , 
55,     113,1,64,0,0,27,0,1,0, , , , , , , , , , , , , 
55,     113,1,13,0,0,11,1,0,0, , , , , , , , , , , , , 
55,     113,1,75,0,1,15,1,1,1, , , , , , , , , , , , , 
55,     113,1,94,0,1,20,1,1,1, , , , , , , , , , , , , 
55,     113,1,47,0,0,2,0,0,0, , , , , , , , , , , , , 
56,     114,1,66,0,0,25,1,1,0, , , , , , , , , , , , , 
56,     114,1,10,1,0,45,0,0,0, , , , , , , , , , , , , 
57,     115,1,67,0,0,20,1,1,0, , , , , , , , , , , , , 
57,     115,1,45,0,0,15,1,0,0, , , , , , , , , , , , , 
57,     115,1,82,0,0,40,0,1,1, , , , , , , , , , , , , 
57,     115,1,82,0,0,10,0,1,1, , , , , , , , , , , , , 
57,     115,1,8,0,0,2,0,0,0, , , , , , , , , , , , , 
58,     116,0,89,0,1,20,1,1,1, , , , , , , , , , , , , 
58,     116,0,55,0,0,33,0,1,0, , , , , , , , , , , , , 
58,     116,0,80,0,0,17,0,1,1, , , , , , , , , , , , , 
58,     116,0,10,0,0,5,0,0,0, , , , , , , , , , , , , 
58,     116,0,56,0,0,2,0,1,0, , , , , , , , , , , , , 
58,     116,0,37,0,0,1,0,0,0, , , , , , , , , , , , , 
 , , , , , , , , , , , , , , , , , , , , , , 
